Тип	Марка	Примечание
Сталь	Ст3сп	углеродистая обыкновенного качества (сварная)
Сталь	Ст3пс	углеродистая обыкновенного качества (полуспокойная)
Сталь	Ст20	углеродистая конструкционная качественная
Сталь	Ст35	углеродистая конструкционная качественная
Сталь	Ст45	углеродистая конструкционная качественная
Сталь	10	углеродистая конструкционная качественная
Сталь	20Г	марганцовистая конструкционная
Сталь	09Г2С	низколегированная конструкционная (сварная)
Сталь	10ХСНД	атмосферостойкая низколегированная
Сталь	15Х	легированная конструкционная
Сталь	20Х	легированная конструкционная (цементация)
Сталь	30ХГСА	высокопрочная конструкционная (авиац.)
Сталь	38Х2МЮА	нитрируемая конструкционная
Сталь	40Х	легированная конструкционная
Сталь	40ХН	легированная конструкционная
Сталь	40ХНМА	легированная конструкционная (повышенной прочности)
Сталь	20ХН3А	цементуемая легированная
Сталь	12ХН3А	цементуемая легированная
Сталь	ШХ15	подшипниковая
Сталь	65Г	пружинная
Сталь	60С2А	пружинная
Сталь	55С2	пружинная
Сталь	У8А	инструментальная углеродистая
Сталь	У10А	инструментальная углеродистая
Сталь	9ХС	инструментальная легированная
Сталь	Х12МФ	инструментальная штамповая
Сталь	Р6М5	быстрорежущая
Сталь	12Х18Н10Т	коррозионно-стойкая аустенитная
Сталь	08Х18Н10	коррозионно-стойкая аустенитная
Сталь	95Х18	коррозионно-стойкая (ножевые/подшипн. узлы)
Алюминиевые сплавы	АД0	алюминий деформируемый (технически чистый)
Алюминиевые сплавы	АД1	алюминий деформируемый
Алюминиевые сплавы	А5	алюминий высокой чистоты (по маркам алюминия)
Алюминиевые сплавы	А7	алюминий высокой чистоты (по маркам алюминия)
Алюминиевые сплавы	АМц	Al-Mn деформируемый
Алюминиевые сплавы	АМцС	Al-Mn деформируемый (модификация)
Алюминиевые сплавы	АМг1	Al-Mg деформируемый
Алюминиевые сплавы	АМг2	Al-Mg деформируемый
Алюминиевые сплавы	АМг3	Al-Mg деформируемый
Алюминиевые сплавы	АМг5	Al-Mg деформируемый
Алюминиевые сплавы	АМг5П	Al-Mg деформируемый (повышенные св-ва)
Алюминиевые сплавы	АМг6	Al-Mg деформируемый (широко в авиастр.)
Алюминиевые сплавы	АМг61	Al-Mg деформируемый
Алюминиевые сплавы	АД31	Al-Mg-Si (пресс-профили)
Алюминиевые сплавы	АД33	Al-Mg-Si (пресс-профили)
Алюминиевые сплавы	АД35	Al-Mg-Si (пресс-профили)
Алюминиевые сплавы	АВ	авиаль (Al-Mg-Si)
Алюминиевые сплавы	Д1	дуралюмин
Алюминиевые сплавы	Д16	дуралюмин (аналоги 2xxx)
Алюминиевые сплавы	Д16Т	Д16 после ТО (Т)
Алюминиевые сплавы	Д16АТ	Д16 плакированный (АТ)
Алюминиевые сплавы	В95	высокопрочный (авиац.)
Алюминиевые сплавы	В95Т1	В95 после ТО (Т1)
Алюминиевые сплавы	В96	высокопрочный (авиац.)
Алюминиевые сплавы	АК4	ковочный алюминиевый (поковки)
Алюминиевые сплавы	АК4-1	ковочный алюминиевый (лист/поковки)
Алюминиевые сплавы	АК6	ковочный алюминиевый
Алюминиевые сплавы	АК8	ковочный алюминиевый
Алюминиевые сплавы	АЛ4	литейный силумин
Алюминиевые сплавы	АЛ9	литейный силумин
Медные сплавы	М0б	медь (очень высокая чистота)
Медные сплавы	М1	медь
Медные сплавы	М2	медь
Медные сплавы	Л63	латунь двойная (Cu-Zn)
Медные сплавы	Л68	латунь двойная (Cu-Zn)
Медные сплавы	Л70	латунь двойная
Медные сплавы	Л75	латунь двойная
Медные сплавы	Л96	латунь высокомедистая
Медные сплавы	ЛС59-1	латунь свинцовистая (обрабатываемость)
Медные сплавы	ЛС63-3	латунь свинцовистая
Медные сплавы	ЛО70-1	латунь оловянистая
Медные сплавы	ЛО62-1	латунь оловянистая
Медные сплавы	БрОФ6.5-0.15	бронза оловянно-фосфористая
Медные сплавы	БрОЦС5-5-5	бронза олов.-цинк.-свинц.
Медные сплавы	БрО8С12	бронза оловянно-свинцовая
Медные сплавы	БрО10	бронза оловянная
Медные сплавы	БрО5Ц5С5	бронза олов.-цинк.-свинц.
Медные сплавы	БрАЖ9-4	бронза алюминиево-железистая
Медные сплавы	БрАЖН10-4-4	бронза алюминиево-железо-никелевая
Медные сплавы	БрАМц9-2	бронза алюминиево-марганцевая
Медные сплавы	БрБ2	бронза бериллиевая
Медные сплавы	БрКМц3-1	бронза кремнемарганцевая
Медные сплавы	БрХ1	бронза хромистая
Медные сплавы	БрС30	бронза свинцовая (антифрикц.)
Медные сплавы	МН19	мельхиор (Cu-Ni)
Медные сплавы	МНЖ5-1	медь-никель-железо
Медные сплавы	МНЖМц30-1-1	медь-никель-железо-марганец
Медные сплавы	МН25	мельхиор (Cu-Ni)
Медные сплавы	НМц40-1,5	нейзильбер (Cu-Ni-Zn)
Медные сплавы	НМц65-25	нейзильбер (Cu-Ni-Zn)
Титановые сплавы	ВТ1-0	технически чистый титан (деформируемый)
Титановые сплавы	ВТ1-00	технически чистый титан (повыш. чистота)
Титановые сплавы	ОТ4	титановый свариваемый
Титановые сплавы	ОТ4-0	модификация ОТ4
Титановые сплавы	ОТ4-1	модификация ОТ4
Титановые сплавы	ВТ5	α-сплав
Титановые сплавы	ВТ5-1	α-сплав (свариваемый)
Титановые сплавы	ВТ6	α+β (широко применяемый)
Титановые сплавы	ВТ6С	модификация ВТ6
Титановые сплавы	ВТ3-1	α+β
Титановые сплавы	ВТ8	α+β
Титановые сплавы	ВТ9	α+β
Титановые сплавы	ВТ14	α+β
Титановые сплавы	ВТ15	α+β
Титановые сплавы	ВТ16	α+β
Титановые сплавы	ВТ18У	высокопрочный
Титановые сплавы	ВТ20	α+β
Титановые сплавы	ВТ22	высокопрочный α+β
Титановые сплавы	ВТ23	высокопрочный
Титановые сплавы	ВТ24	высокопрочный
Титановые сплавы	ВТ25У	высокопрочный
Титановые сплавы	ПТ-1М	α-сплав
Титановые сплавы	ПТ-3В	α+β
Титановые сплавы	ПТ-7М	коррозионно-стойкий α
Титановые сплавы	АТ3	титановый сплав (по ГОСТ 19807)
Титановые сплавы	ТС6	титановый сплав (применяется в двигателестроении)
Титановые сплавы	ТЛ3	литейный титановый сплав
Титановые сплавы	ТЛ4	литейный титановый сплав
Титановые сплавы	ВТ35	высокопрочный
Титановые сплавы	ВТ30	высокопрочный
Магниевые сплавы	Мг90	магний первичный
Магниевые сплавы	Мг95	магний первичный
Магниевые сплавы	Мг98	магний первичный
Магниевые сплавы	МА1	магниевый деформируемый
Магниевые сплавы	МА2	магниевый деформируемый
Магниевые сплавы	МА2-1	магниевый деформируемый
Магниевые сплавы	МА5	магниевый деформируемый
Магниевые сплавы	МА8	магниевый деформируемый
Магниевые сплавы	МА11	магниевый деформируемый
Магниевые сплавы	МА12	магниевый деформируемый
Магниевые сплавы	МА14	магниевый деформируемый
Магниевые сплавы	МА15	магниевый деформируемый
Магниевые сплавы	МА19	магниевый деформируемый
Магниевые сплавы	МА17	магниевый (особые св-ва)
Магниевые сплавы	МА2-2	магниевый (особые св-ва)
Магниевые сплавы	МЛ1	магниевый литейный
Магниевые сплавы	МЛ2	магниевый литейный
Магниевые сплавы	МЛ3	магниевый литейный
Магниевые сплавы	МЛ4	магниевый литейный
Магниевые сплавы	МЛ5	магниевый литейный (широко применяемый)
Магниевые сплавы	МЛ5п.ч.	магниевый литейный (повыш. чистоты)
Магниевые сплавы	МЛ6	магниевый литейный
Магниевые сплавы	МЛ7	магниевый литейный
Магниевые сплавы	МЛ8	магниевый литейный
Магниевые сплавы	МЛ9	магниевый литейный
Магниевые сплавы	МЛ10	магниевый литейный (широко применяемый)
Магниевые сплавы	МЛ11	магниевый литейный
Магниевые сплавы	МЛ12	магниевый литейный (широко применяемый)
Магниевые сплавы	МЛ15	магниевый литейный
Магниевые сплавы	МЛ19	магниевый литейный
Никелевые сплавы	ХН32Т	жаростойкий/коррозионностойкий
Никелевые сплавы	ХН35ВТ	жаропрочный
Никелевые сплавы	ХН35ВТР	жаропрочный (модификация)
Никелевые сплавы	ХН38ВТ	жаропрочный
Никелевые сплавы	ХН45Ю	жаропрочный
Никелевые сплавы	ХН55ВМТКЮ	жаропрочный
Никелевые сплавы	ХН60ВТ	жаропрочный
Никелевые сплавы	ХН70	ЭИ442 (жаропрочный)
Никелевые сплавы	ХН77ТЮР	жаропрочный
Никелевые сплавы	ХН78Т	жаропрочный
Никелевые сплавы	ХН80ТБЮ	жаропрочный
Никелевые сплавы	ХН65МВ	коррозионностойкий (Ni-Mo)
Никелевые сплавы	ЭИ435	жаропрочный
Никелевые сплавы	ЭИ437Б	жаропрочный
Никелевые сплавы	ЭИ617	жаропрочный
Никелевые сплавы	ЭИ698	жаропрочный
Никелевые сплавы	ЭИ868	жаропрочный
Никелевые сплавы	ЭИ961	жаропрочный
Никелевые сплавы	ЭП202	жаропрочный
Никелевые сплавы	ЭП220	жаропрочный
Никелевые сплавы	ЭП367	жаропрочный
Никелевые сплавы	ЭП410	жаропрочный
Никелевые сплавы	ЭП718	жаропрочный
Никелевые сплавы	ЭП741	жаропрочный
Никелевые сплавы	ЭП742	жаропрочный
Никелевые сплавы	ЭП813	жаропрочный
Никелевые сплавы	ЭП814	жаропрочный
Никелевые сплавы	ЭП962	жаропрочный
Никелевые сплавы	ВВ750П	гранулируемый жаропрочный
Никелевые сплавы	ВВ751П	гранулируемый жаропрочный
Чугун	СЧ10	серый чугун
Чугун	СЧ15	серый чугун
Чугун	СЧ20	серый чугун
Чугун	СЧ25	серый чугун
Чугун	СЧ30	серый чугун
Чугун	СЧ35	серый чугун
Чугун	СЧ40	серый чугун
Чугун	СЧ45	серый чугун
Чугун	СЧ50	серый чугун
Чугун	ВЧ35	высокопрочный чугун
Чугун	ВЧ40	высокопрочный чугун
Чугун	ВЧ45	высокопрочный чугун
Чугун	ВЧ50	высокопрочный чугун
Чугун	ВЧ60	высокопрочный чугун
Чугун	ВЧ70	высокопрочный чугун
Чугун	ВЧ80	высокопрочный чугун
Чугун	ВЧ90	высокопрочный чугун
Чугун	ВЧ100	высокопрочный чугун
Чугун	КЧ30-6	ковкий чугун
Чугун	КЧ33-8	ковкий чугун
Чугун	КЧ35-10	ковкий чугун
Чугун	КЧ37-12	ковкий чугун
Чугун	КЧ40-6	ковкий чугун
Чугун	КЧ42-12	ковкий чугун
Чугун	КЧ45-6	ковкий чугун
Чугун	КЧ50-5	ковкий чугун
Чугун	ЧХ16	легированный (хромистый)
Чугун	ЧХ22	легированный (хромистый)
Чугун	ЧН15Д7	легированный (никелевый)
Чугун	ЧН19Х3	легированный (никель-хром)
